{
    "ism_estimation": {
        "q_means": [
            0.554503981088735,
            2.956744328480057
        ],
        "q_sigmas": [
            0.459288795772899,
            1.2423243445588121
        ],
        "q_weights": [
            0.7089937324947219,
            0.2910062675052781
        ],
        "u_means": [
            0.6367066573852963,
            2.516356295686353
        ],
        "u_sigmas": [
            0.5469231375997379,
            0.6195014121945945
        ],
        "u_weights": [
            0.7500308674991414,
            0.24996913250085867
        ],
        "dominant_q": 0,
        "dominant_u": 0
    }
}