{
    "ism_estimation": {
        "q_means": [
            -2.028556582821529,
            -0.2457628509713983
        ],
        "q_sigmas": [
            0.6686286130805219,
            0.9107693787412275
        ],
        "q_weights": [
            0.6443305250218089,
            0.3556694749781912
        ],
        "u_means": [
            7.434394230665626,
            17.205917187420642
        ],
        "u_sigmas": [
            1.3962614311233235,
            0.001
        ],
        "u_weights": [
            0.8750000000000143,
            0.1249999999999857
        ],
        "dominant_q": 0,
        "dominant_u": 0
    }
}