{
    "ism_estimation": {
        "q_means": [
            -3.959203792927354,
            -3.1441050201795053
        ],
        "q_sigmas": [
            0.9261304914496755,
            0.5474534483521625
        ],
        "q_weights": [
            0.3201826613471516,
            0.6798173386528484
        ],
        "u_means": [
            3.91465820024782,
            4.996914718971182
        ],
        "u_sigmas": [
            0.5661128500811972,
            1.1277477402154403
        ],
        "u_weights": [
            0.8912899937849225,
            0.10871000621507752
        ],
        "dominant_q": 1,
        "dominant_u": 0
    }
}