{
    "ism_estimation": {
        "q_means": [
            -0.333712172157095,
            1.3715631360498033
        ],
        "q_sigmas": [
            0.4179802076938285,
            0.5351868356784066
        ],
        "q_weights": [
            0.39416484018346354,
            0.6058351598165364
        ],
        "u_means": [
            -0.4086184098664983,
            -3.986542071434506
        ],
        "u_sigmas": [
            0.26930444319485297,
            0.8334454585054
        ],
        "u_weights": [
            0.49969270489076995,
            0.50030729510923
        ],
        "dominant_q": 1,
        "dominant_u": 1
    }
}