{
    "ism_estimation": {
        "q_means": [
            2.8563205003888106,
            0.2076298542977262
        ],
        "q_sigmas": [
            0.5575139355772967,
            0.8041463509829156
        ],
        "q_weights": [
            0.2436078330775412,
            0.7563921669224589
        ],
        "u_means": [
            10.058509800815628,
            1.012376091762271
        ],
        "u_sigmas": [
            0.001,
            0.9317572840906162
        ],
        "u_weights": [
            0.04000000000000008,
            0.9599999999999999
        ],
        "dominant_q": 1,
        "dominant_u": 1
    }
}