{
    "ism_estimation": {
        "q_means": [
            0.5545188111735619,
            -0.11424836491647967
        ],
        "q_sigmas": [
            0.41517609283193574,
            0.10282098425166976
        ],
        "q_weights": [
            0.43856172435666807,
            0.5614382756433319
        ],
        "u_means": [
            -0.4518598957788819,
            -0.07508994073912255
        ],
        "u_sigmas": [
            0.033962272540431895,
            0.36546728382603155
        ],
        "u_weights": [
            0.3868502853805028,
            0.6131497146194971
        ],
        "dominant_q": 1,
        "dominant_u": 1
    }
}