{
    "ism_estimation": {
        "q_means": [
            -1.6760508629697193,
            -2.6929615705693073
        ],
        "q_sigmas": [
            0.6435825874876479,
            0.5675803367520966
        ],
        "q_weights": [
            0.6872295811262237,
            0.31277041887377627
        ],
        "u_means": [
            4.111516731762517,
            5.227061810011117
        ],
        "u_sigmas": [
            0.5272241531921119,
            0.8156780746099263
        ],
        "u_weights": [
            0.7566058744396906,
            0.24339412556030932
        ],
        "dominant_q": 0,
        "dominant_u": 0
    }
}