{
    "ism_estimation": {
        "q_means": [
            1.2203031200509529,
            0.06636942406144106
        ],
        "q_sigmas": [
            0.44799940587097453,
            0.5140375071951488
        ],
        "q_weights": [
            0.5763745865190846,
            0.4236254134809154
        ],
        "u_means": [
            -3.109662470936472,
            -0.13972462720492917
        ],
        "u_sigmas": [
            1.1919161427850236,
            0.04142018932857257
        ],
        "u_weights": [
            0.7019206313845412,
            0.29807936861545886
        ],
        "dominant_q": 0,
        "dominant_u": 0
    }
}