{
    "ism_estimation": {
        "q_means": [
            -3.5379265762715977,
            -2.5292675600324404
        ],
        "q_sigmas": [
            0.6249011802681136,
            0.5750531109838543
        ],
        "q_weights": [
            0.25188350076158667,
            0.7481164992384134
        ],
        "u_means": [
            4.127565809261573,
            5.489625258134968
        ],
        "u_sigmas": [
            0.491583796194213,
            0.815502022168731
        ],
        "u_weights": [
            0.7204381558512993,
            0.2795618441487006
        ],
        "dominant_q": 1,
        "dominant_u": 0
    }
}