{
    "ism_estimation": {
        "q_means": [
            -0.19982034308344182,
            0.5025154186552375
        ],
        "q_sigmas": [
            0.28384863024674245,
            0.31361849886548604
        ],
        "q_weights": [
            0.4549683708905665,
            0.5450316291094335
        ],
        "u_means": [
            0.16026148609956603,
            -0.37961480967830113
        ],
        "u_sigmas": [
            0.2871422433157289,
            0.38146127110829386
        ],
        "u_weights": [
            0.6497068584867979,
            0.3502931415132021
        ],
        "dominant_q": 1,
        "dominant_u": 0
    }
}