{
    "ism_estimation": {
        "q_means": [
            0.05773315630104296,
            2.5353343636882126
        ],
        "q_sigmas": [
            0.0016782207975950228,
            0.6205222092090829
        ],
        "q_weights": [
            0.3999992264259381,
            0.6000007735740619
        ],
        "u_means": [
            0.023494097433438638,
            -4.833396342976539
        ],
        "u_sigmas": [
            0.09207518445565047,
            0.4476633425889551
        ],
        "u_weights": [
            0.4000000000000001,
            0.5999999999999999
        ],
        "dominant_q": 1,
        "dominant_u": 1
    }
}