{
    "ism_estimation": {
        "q_means": [
            -0.015462496036562856,
            0.562722542643291
        ],
        "q_sigmas": [
            0.19209114677396324,
            0.15221733473200622
        ],
        "q_weights": [
            0.5673556912319442,
            0.43264430876805576
        ],
        "u_means": [
            -0.2615658781439344,
            0.5917067179546885
        ],
        "u_sigmas": [
            0.26162071223805466,
            0.11226316870313266
        ],
        "u_weights": [
            0.8948824342716836,
            0.1051175657283163
        ],
        "dominant_q": 0,
        "dominant_u": 0
    }
}