{
  "simbad_id": "1H 1936+541",
  "filter": "I",
  "P_pct": 1.38,
  "err_pct": 0.0,
  "theta_deg": -68.65,
  "err_theta_deg": 0.05,
  "ra_deg": 294.446349,
  "dec_deg": 54.233999
}