{
  "simbad_id": "1H 1936+541",
  "filter": "R",
  "P_pct": 6.97,
  "err_pct": 0.0,
  "theta_deg": 89.7,
  "err_theta_deg": 0.01,
  "ra_deg": 294.446381,
  "dec_deg": 54.233986
}