{
  "simbad_id": "ATO J278.3657-10.5901",
  "filter": "R",
  "P_pct": 9.28,
  "err_pct": 0.0,
  "theta_deg": 54.6,
  "err_theta_deg": 0.0,
  "ra_deg": 278.365495,
  "dec_deg": -10.590275
}