{
  "simbad_id": "ATO J278.3657-10.5901",
  "filter": "I",
  "P_pct": 8.08,
  "err_pct": 0.0,
  "theta_deg": 52.99,
  "err_theta_deg": 0.0,
  "ra_deg": 278.365553,
  "dec_deg": -10.590275
}