{
  "simbad_id": "ATO J278.3657-10.5901",
  "filter": "B",
  "P_pct": 9.79,
  "err_pct": 0.0,
  "theta_deg": 61.9,
  "err_theta_deg": 0.0,
  "ra_deg": 278.365511,
  "dec_deg": -10.590278
}