{
  "simbad_id": "ATO J278.3657-10.5901",
  "filter": "V",
  "P_pct": 9.77,
  "err_pct": 0.0,
  "theta_deg": 57.79,
  "err_theta_deg": 0.0,
  "ra_deg": 278.365508,
  "dec_deg": -10.590266
}