{
    "ism_estimation": {
        "q_means": [
            -1.6473818849858979,
            -0.32047675326191827
        ],
        "q_sigmas": [
            0.37517655774856823,
            0.5289886501950561
        ],
        "q_weights": [
            0.6880679169397373,
            0.31193208306026254
        ],
        "u_means": [
            5.970214053317699,
            14.432578166248321
        ],
        "u_sigmas": [
            1.1674970985039335,
            0.001
        ],
        "u_weights": [
            0.8333333333333358,
            0.16666666666666408
        ],
        "dominant_q": 0,
        "dominant_u": 0
    }
}