{
    "ism_estimation": {
        "q_means": [
            -4.303106126061343,
            -2.5802988000659726
        ],
        "q_sigmas": [
            0.6468445913076108,
            0.29630880213949623
        ],
        "q_weights": [
            0.7417596750436547,
            0.2582403249563453
        ],
        "u_means": [
            7.643108166423957,
            4.609721803062977
        ],
        "u_sigmas": [
            0.5207155887101531,
            0.03442947183573199
        ],
        "u_weights": [
            0.7142857178554796,
            0.2857142821445205
        ],
        "dominant_q": 0,
        "dominant_u": 0
    }
}