{
  "simbad_id": "1H 1936+541",
  "filter": "I",
  "P_pct": 1.3800689396441852,
  "err_pct": 0.002183891705495593,
  "theta_deg": -68.65436239671143,
  "err_theta_deg": 0.045333886606703046,
  "ra_deg": 294.44634901247247,
  "dec_deg": 54.23399934383906,
  "Q_ISM": -0.015462496036562856,
  "err_Q_ISM": 0.19209114677396324,
  "U_ISM": -0.2615658781439344,
  "err_U_ISM": 0.26162071223805466
}