{
  "simbad_id": "1H 1936+541",
  "filter": "R",
  "P_pct": 9.830914051307015,
  "err_pct": 0.002282713579975572,
  "theta_deg": 54.54,
  "err_theta_deg": 0.00665196813272977,
  "ra_deg": 294.4463811238864,
  "dec_deg": 54.233986348541144,
  "p_ism": 0.13671571996772733,
  "err_p_ism": 0.21834683132519692,
  "θ_ism": -73.34250547223692,
  "err_θ_ism": 65.08110322954819
}