{
  "simbad_id": "1H 1936+541",
  "filter": "I",
  "P_pct": 3.837474627481575,
  "err_pct": 0.002183891705495593,
  "theta_deg": 53.96,
  "err_theta_deg": 0.016303401297097644,
  "ra_deg": 294.44634901247247,
  "dec_deg": 54.23399934383906,
  "p_ism": 0.26202251314131053,
  "err_p_ism": 0.26141067133131524,
  "θ_ism": -46.69155459495339,
  "err_θ_ism": 21.033276051922297
}