{
  "simbad_id": "1H 1936+541",
  "filter": "V",
  "P_pct": 2.2713467934586946,
  "err_pct": 0.002732602261619197,
  "theta_deg": -28.82228504845132,
  "err_theta_deg": 0.03446558163852024,
  "ra_deg": 294.44642034781725,
  "dec_deg": 54.233989815221975,
  "Q_ISM": 0.5025154186552375,
  "err_Q_ISM": 0.31361849886548604,
  "U_ISM": 0.16026148609956603,
  "err_U_ISM": 0.2871422433157289
}