{
  "simbad_id": "1H 1936+541",
  "filter": "R",
  "P_pct": 6.970257448741299,
  "err_pct": 0.002282713579975572,
  "theta_deg": 89.69804444228961,
  "err_theta_deg": 0.00938199592566107,
  "ra_deg": 294.4463811238864,
  "dec_deg": 54.233986348541144,
  "Q_ISM": -0.11424836491647967,
  "err_Q_ISM": 0.10282098425166976,
  "U_ISM": -0.07508994073912255,
  "err_U_ISM": 0.36546728382603155
}