{
  "simbad_id": "1H 1936+541",
  "filter": "V",
  "P_pct": 3.593980157468967,
  "err_pct": 0.002732602261619197,
  "theta_deg": 54.79,
  "err_theta_deg": 0.021781780897330332,
  "ra_deg": 294.44642034781725,
  "dec_deg": 54.233989815221975,
  "p_ism": 0.5274518839790887,
  "err_p_ism": 0.31126859991989286,
  "θ_ism": 8.844223398050303,
  "err_θ_ism": 15.73403711457234
}