{
  "simbad_id": "ATO J278.3657-10.5901",
  "filter": "V",
  "P_pct": 15.607069740767646,
  "err_pct": 0.0007377277368605549,
  "theta_deg": 54.79,
  "err_theta_deg": 0.0013541518828943397,
  "ra_deg": 278.3655078263131,
  "dec_deg": -10.590265913855449,
  "p_ism": 8.717855792590598,
  "err_p_ism": 0.4416600567345398,
  "θ_ism": 55.354743258977024,
  "err_θ_ism": 0.7167188091522845
}