{
  "simbad_id": "ATO J278.3657-10.5901",
  "filter": "V",
  "P_pct": 9.76874270832762,
  "err_pct": 0.0007377277368605549,
  "theta_deg": 57.78643997003074,
  "err_theta_deg": 0.0021634660167584576,
  "ra_deg": 278.3655078263131,
  "dec_deg": -10.590265913855449,
  "Q_ISM": -3.082892914369782,
  "err_Q_ISM": 0.15156975211217652,
  "U_ISM": 8.154555837011237,
  "err_U_ISM": 0.4686790544879721
}