{
  "simbad_id": "ATO J278.3657-10.5901",
  "filter": "B",
  "P_pct": 15.754884856702878,
  "err_pct": 0.0005495157230473215,
  "theta_deg": 55.06,
  "err_theta_deg": 0.0009992117363300233,
  "ra_deg": 278.3655111271864,
  "dec_deg": -10.590278302181858,
  "p_ism": 8.77119289354665,
  "err_p_ism": 0.5537044206658353,
  "θ_ism": 59.68985865282666,
  "err_θ_ism": 2.0212172053311943
}