{
  "simbad_id": "ATO J278.3657-10.5901",
  "filter": "R",
  "P_pct": 9.283056944926606,
  "err_pct": 0.0006780553184992498,
  "theta_deg": 54.60072471530728,
  "err_theta_deg": 0.0020925061785621187,
  "ra_deg": 278.36549518956576,
  "dec_deg": -10.590275005261567,
  "Q_ISM": -2.028556582821529,
  "err_Q_ISM": 0.6686286130805219,
  "U_ISM": 7.434394230665626,
  "err_U_ISM": 1.3962614311233235
}