{
  "simbad_id": "ATO J278.3657-10.5901",
  "filter": "I",
  "P_pct": 12.350394285458917,
  "err_pct": 0.0008650593703465695,
  "theta_deg": 53.96,
  "err_theta_deg": 0.002006585773842813,
  "ra_deg": 278.3655526800059,
  "dec_deg": -10.59027496523481,
  "p_ism": 6.19332890434634,
  "err_p_ism": 1.1298537774809854,
  "θ_ism": 52.712981480736694,
  "err_θ_ism": 2.2049988417052258
}