{
  "simbad_id": "ATO J278.3657-10.5901",
  "filter": "R",
  "P_pct": 14.459714438402521,
  "err_pct": 0.0006780553184992498,
  "theta_deg": 54.54,
  "err_theta_deg": 0.0013433774294749439,
  "ra_deg": 278.36549518956576,
  "dec_deg": -10.590275005261567,
  "p_ism": 7.706183191870208,
  "err_p_ism": 1.3584671588970263,
  "θ_ism": 52.63112622580031,
  "err_θ_ism": 2.759935444073694
}