{
  "simbad_id": "ATO J278.3657-10.5901",
  "filter": "I",
  "P_pct": 8.076009998459886,
  "err_pct": 0.0008650593703465695,
  "theta_deg": 52.991618404345616,
  "err_theta_deg": 0.0030686100536375565,
  "ra_deg": 278.3655526800059,
  "dec_deg": -10.59027496523481,
  "Q_ISM": -1.6473818849858979,
  "err_Q_ISM": 0.37517655774856823,
  "U_ISM": 5.970214053317699,
  "err_U_ISM": 1.1674970985039335
}