{
  "simbad_id": "ATO J278.3657-10.5901",
  "filter": "B",
  "P_pct": 9.78565713025403,
  "err_pct": 0.0005495157230473215,
  "theta_deg": 61.897948460921235,
  "err_theta_deg": 0.0016087285344052317,
  "ra_deg": 278.3655111271864,
  "dec_deg": -10.590278302181858,
  "Q_ISM": -4.303106126061343,
  "err_Q_ISM": 0.6468445913076108,
  "U_ISM": 7.643108166423957,
  "err_U_ISM": 0.5207155887101531
}