{
  "simbad_id": "BD+38  4058",
  "filter": "B",
  "P_pct": 5.970124517326322,
  "err_pct": 0.0007213527255158024,
  "theta_deg": -27.47198113028501,
  "err_theta_deg": 0.003461440929110132,
  "ra_deg": 305.8686300584869,
  "dec_deg": 39.34954530294277,
  "Q_ISM": 2.8451872694810256,
  "err_Q_ISM": 0.9150792247399511,
  "U_ISM": -0.8184876934910823,
  "err_U_ISM": 0.8505485285198694
}