{
  "simbad_id": "BD+38  4058",
  "filter": "R",
  "P_pct": 5.180383677795537,
  "err_pct": 0.0006695545286360522,
  "theta_deg": 54.54,
  "err_theta_deg": 0.0037026841090119673,
  "ra_deg": 305.86863035355907,
  "dec_deg": 39.34955771516984,
  "p_ism": 4.215886991308957,
  "err_p_ism": 0.8071098966138833,
  "θ_ism": -35.50715348101718,
  "err_θ_ism": 3.9013684959982284
}