{
  "simbad_id": "BD+38  4058",
  "filter": "V",
  "P_pct": 5.838337732374311,
  "err_pct": 0.001022629936601994,
  "theta_deg": -32.28288586558817,
  "err_theta_deg": 0.005017899105606991,
  "ra_deg": 305.86863179365554,
  "dec_deg": 39.349548932282005,
  "Q_ISM": 2.5353343636882126,
  "err_Q_ISM": 0.6205222092090829,
  "U_ISM": -4.833396342976539,
  "err_U_ISM": 0.4476633425889551
}