{
  "simbad_id": "BD+38  4058",
  "filter": "R",
  "P_pct": 5.180383677795537,
  "err_pct": 0.0006695545286360522,
  "theta_deg": -36.755593918048184,
  "err_theta_deg": 0.0037026841090119673,
  "ra_deg": 305.86863035355907,
  "dec_deg": 39.34955771516984,
  "Q_ISM": 1.3715631360498033,
  "err_Q_ISM": 0.5351868356784066,
  "U_ISM": -3.986542071434506,
  "err_U_ISM": 0.8334454585054
}