{
  "simbad_id": "BD+38  4058",
  "filter": "B",
  "P_pct": 5.970124517326322,
  "err_pct": 0.0007213527255158024,
  "theta_deg": 55.059999999999995,
  "err_theta_deg": 0.003461440929110132,
  "ra_deg": 305.8686288417414,
  "dec_deg": 39.34954133290386,
  "p_ism": 2.960576413945981,
  "err_p_ism": 0.9103085245580972,
  "θ_ism": -8.024587614462687,
  "err_θ_ism": 8.279684313276046
}