{
  "simbad_id": "BD+38  4058",
  "filter": "V",
  "P_pct": 5.838337732374311,
  "err_pct": 0.001022629936601994,
  "theta_deg": 54.790000000000006,
  "err_theta_deg": 0.005017899105606991,
  "ra_deg": 305.86863179365554,
  "dec_deg": 39.349548932282005,
  "p_ism": 5.457988690350805,
  "err_p_ism": 0.4901476239585395,
  "θ_ism": -31.16048163869666,
  "err_θ_ism": 3.083890246374291
}