{
  "simbad_id": "BD+38  4058",
  "filter": "I",
  "P_pct": 4.274662898980069,
  "err_pct": 0.0005207041044894856,
  "theta_deg": -37.41286865962877,
  "err_theta_deg": 0.0034896491568381857,
  "ra_deg": 305.86863177636025,
  "dec_deg": 39.34952815065488,
  "Q_ISM": 1.2203031200509529,
  "err_Q_ISM": 0.44799940587097453,
  "U_ISM": -3.109662470936472,
  "err_U_ISM": 1.1919161427850236
}