{
  "simbad_id": "BD+38  4058",
  "filter": "I",
  "P_pct": 4.274662898980069,
  "err_pct": 0.0005207041044894856,
  "theta_deg": 53.96000000000001,
  "err_theta_deg": 0.0034896491568381857,
  "ra_deg": 305.86863177636025,
  "dec_deg": 39.34952815065488,
  "p_ism": 3.3405299561531874,
  "err_p_ism": 1.121546052472352,
  "θ_ism": -34.28690746731238,
  "err_θ_ism": 5.170477769271351
}