{
  "simbad_id": "HD 154892",
  "filter": "R",
  "P_pct": 0.11348870509490172,
  "err_pct": 0.0005402269358363841,
  "theta_deg": 79.32349431460692,
  "err_theta_deg": 0.13636918042560356,
  "ra_deg": 256.92165482980914,
  "dec_deg": 15.21035172897389,
  "Q_ISM": -0.10569824348028783,
  "err_Q_ISM": 0.0,
  "U_ISM": 0.041322723885283276,
  "err_U_ISM": 0.0
}