{
  "simbad_id": "HD 154892",
  "filter": "R",
  "P_pct": 5.250772065447571,
  "err_pct": 0.0005402269358363841,
  "theta_deg": 54.54,
  "err_theta_deg": 0.0029474449677974308,
  "ra_deg": 256.92165482980914,
  "dec_deg": 15.21035172897389,
  "p_ism": 0.11348870509490172,
  "err_p_ism": 0.0,
  "θ_ism": 79.32349431460692,
  "err_θ_ism": 0.0
}