{
  "simbad_id": "HD 154892",
  "filter": "I",
  "P_pct": 0.06451927940871996,
  "err_pct": 0.0005308832460653705,
  "theta_deg": 46.617677514614215,
  "err_theta_deg": 0.23572310240061287,
  "ra_deg": 256.9216426007663,
  "dec_deg": 15.210373536087255,
  "Q_ISM": -0.003641312886708964,
  "err_Q_ISM": 0.0,
  "U_ISM": 0.06441644398662164,
  "err_U_ISM": 0.0
}