{
  "simbad_id": "HD 154892",
  "filter": "I",
  "P_pct": 4.337807078422146,
  "err_pct": 0.0005308832460653705,
  "theta_deg": 53.96,
  "err_theta_deg": 0.0035060767876305657,
  "ra_deg": 256.9216426007663,
  "dec_deg": 15.210373536087255,
  "p_ism": 0.06451927940871996,
  "err_p_ism": 0.0,
  "θ_ism": 46.617677514614215,
  "err_θ_ism": 0.0
}