{
  "simbad_id": "HD 215227",
  "filter": "B",
  "P_pct": 0.692797086107892,
  "err_pct": 0.00040221039943299564,
  "theta_deg": -54.25861032114835,
  "err_theta_deg": 0.016631823968290195,
  "ra_deg": 340.7385361297669,
  "dec_deg": 44.72160785766378,
  "Q_ISM": 0.25299468130721103,
  "err_Q_ISM": 0.20020542734008212,
  "U_ISM": -0.8426960274011449,
  "err_U_ISM": 0.1896568831882213
}