{
  "simbad_id": "HD 215227",
  "filter": "R",
  "P_pct": 5.252531190758218,
  "err_pct": 0.0005897527388213364,
  "theta_deg": 54.54,
  "err_theta_deg": 0.0032165770809888306,
  "ra_deg": 340.738526688536,
  "dec_deg": 44.72161471393316,
  "p_ism": 0.06824529202846431,
  "err_p_ism": 0.13089540982615916,
  "θ_ism": 20.921766417167134,
  "err_θ_ism": 60.07172272638936
}