{
  "simbad_id": "HD 215227",
  "filter": "R",
  "P_pct": 0.10320930144884646,
  "err_pct": 0.0005897527388213364,
  "theta_deg": 30.2160908570576,
  "err_theta_deg": 0.16369814743631023,
  "ra_deg": 340.738526688536,
  "dec_deg": 44.72161471393316,
  "Q_ISM": 0.05084065145651148,
  "err_Q_ISM": 0.0599656477057649,
  "U_ISM": 0.04552634449994741,
  "err_U_ISM": 0.18443516696723258
}