{
  "simbad_id": "HD 215227",
  "filter": "B",
  "P_pct": 5.586625613749971,
  "err_pct": 0.00040221039943299564,
  "theta_deg": 55.06,
  "err_theta_deg": 0.002062511429713739,
  "ra_deg": 340.7385361297669,
  "dec_deg": 44.72160785766378,
  "p_ism": 0.8798539102415858,
  "err_p_ism": 0.190551184966062,
  "θ_ism": -36.64458112281793,
  "err_θ_ism": 6.490945743454504
}