{
  "simbad_id": "NGC  6649     9",
  "filter": "R",
  "P_pct": 5.327509492861166,
  "err_pct": 0.0007287289146149238,
  "theta_deg": 59.98225849358808,
  "err_theta_deg": 0.003918631329754868,
  "ra_deg": 278.3677526488878,
  "dec_deg": -10.402584515515882,
  "Q_ISM": -1.6760508629697193,
  "err_Q_ISM": 0.6435825874876479,
  "U_ISM": 4.111516731762517,
  "err_U_ISM": 0.5272241531921119
}