{
  "simbad_id": "NGC  6649     9",
  "filter": "B",
  "P_pct": 5.838038535494552,
  "err_pct": 0.0006187919419867341,
  "theta_deg": 67.69017283256736,
  "err_theta_deg": 0.0030364793292290723,
  "ra_deg": 278.3677532281282,
  "dec_deg": -10.402575196939154,
  "Q_ISM": -3.1441050201795053,
  "err_Q_ISM": 0.5474534483521625,
  "U_ISM": 3.91465820024782,
  "err_U_ISM": 0.5661128500811972
}