{
  "simbad_id": "NGC  6649     9",
  "filter": "B",
  "P_pct": 11.760275710628946,
  "err_pct": 0.0006187919419867341,
  "theta_deg": 55.06,
  "err_theta_deg": 0.0015073697056481612,
  "ra_deg": 278.3677532281282,
  "dec_deg": -10.402575196939154,
  "p_ism": 5.020950627389745,
  "err_p_ism": 0.5588703259246296,
  "θ_ism": 64.38505490552512,
  "err_θ_ism": 3.1657628479824345
}