{
  "simbad_id": "NGC  6649     9",
  "filter": "I",
  "P_pct": 8.334251141815677,
  "err_pct": 0.0007302992569963705,
  "theta_deg": 53.96,
  "err_theta_deg": 0.002510307434671093,
  "ra_deg": 278.36774697484606,
  "dec_deg": -10.402555371743812,
  "p_ism": 3.723437176305748,
  "err_p_ism": 0.28756951226138594,
  "θ_ism": 53.75593681257287,
  "err_θ_ism": 2.896076689111277
}