{
  "simbad_id": "NGC  6649     9",
  "filter": "R",
  "P_pct": 10.435333153249978,
  "err_pct": 0.0007287289146149238,
  "theta_deg": 54.54,
  "err_theta_deg": 0.0020005634033629723,
  "ra_deg": 278.3677526488878,
  "dec_deg": -10.402584515515882,
  "p_ism": 4.440013100298767,
  "err_p_ism": 0.5453238880855504,
  "θ_ism": 56.089079480400756,
  "err_θ_ism": 4.054049977407552
}