{
  "simbad_id": "NGC  6649     9",
  "filter": "I",
  "P_pct": 4.161648196840623,
  "err_pct": 0.0007302992569963705,
  "theta_deg": 61.50923195370477,
  "err_theta_deg": 0.00502722277668709,
  "ra_deg": 278.36774697484606,
  "dec_deg": -10.402555371743812,
  "Q_ISM": -1.1203950381597678,
  "err_Q_ISM": 0.38497625267524943,
  "U_ISM": 3.5508730425576602,
  "err_U_ISM": 0.2759967255465608
}