{
  "simbad_id": "NGC  6649     9",
  "filter": "V",
  "P_pct": 5.641977313469841,
  "err_pct": 0.0008152724580218682,
  "theta_deg": 63.9797361590917,
  "err_theta_deg": 0.0041396542739004505,
  "ra_deg": 278.3677517075445,
  "dec_deg": -10.402604524054194,
  "Q_ISM": -2.5292675600324404,
  "err_Q_ISM": 0.5750531109838543,
  "U_ISM": 4.127565809261573,
  "err_U_ISM": 0.491583796194213
}