{
  "simbad_id": "NGC  6649     9",
  "filter": "V",
  "P_pct": 11.411824430627492,
  "err_pct": 0.0008152724580218682,
  "theta_deg": 54.79,
  "err_theta_deg": 0.002046634667483275,
  "ra_deg": 278.3677517075445,
  "dec_deg": -10.402604524054194,
  "p_ism": 4.840867060766862,
  "err_p_ism": 0.5157122537245166,
  "θ_ism": 60.749454941156834,
  "err_θ_ism": 3.2756750028943324
}