{
  "simbad_id": "V* V2246 Cyg",
  "filter": "I",
  "P_pct": 14.365489980041632,
  "err_pct": 0.0018540790122807747,
  "theta_deg": 53.96,
  "err_theta_deg": 0.00369743400451576,
  "ra_deg": 308.0725222131158,
  "dec_deg": 37.63179435783801,
  "p_ism": 1.0334483574748887,
  "err_p_ism": 0.9269466167511974,
  "θ_ism": 39.204918025447746,
  "err_θ_ism": 22.445071749635662
}