{
  "simbad_id": "V* V2246 Cyg",
  "filter": "R",
  "P_pct": 12.467454543292243,
  "err_pct": 0.0029310874690620333,
  "theta_deg": 38.376052371755094,
  "err_theta_deg": 0.006735093389664352,
  "ra_deg": 308.07251588754013,
  "dec_deg": 37.63178930614974,
  "Q_ISM": 0.554503981088735,
  "err_Q_ISM": 0.459288795772899,
  "U_ISM": 0.6367066573852963,
  "err_U_ISM": 0.5469231375997379
}