{
  "simbad_id": "V* V2246 Cyg",
  "filter": "I",
  "P_pct": 10.615806498710562,
  "err_pct": 0.0018540790122807747,
  "theta_deg": 35.67620206694845,
  "err_theta_deg": 0.00500343060606728,
  "ra_deg": 308.0725222131158,
  "dec_deg": 37.63179435783801,
  "Q_ISM": 0.2076298542977262,
  "err_Q_ISM": 0.8041463509829156,
  "U_ISM": 1.012376091762271,
  "err_U_ISM": 0.9317572840906162
}