{
  "simbad_id": "V* V2246 Cyg",
  "filter": "R",
  "P_pct": 17.159137113916508,
  "err_pct": 0.0029310874690620333,
  "theta_deg": 54.54,
  "err_theta_deg": 0.004893571869203548,
  "ra_deg": 308.07251588754013,
  "dec_deg": 37.63178930614974,
  "p_ism": 0.8443163107520861,
  "err_p_ism": 0.5109713561582142,
  "θ_ism": 24.47379511761646,
  "err_θ_ism": 16.930475532174913
}