{
    "ism_estimation": {
        "q_means": [
            -4.2167640686743955,
            -3.082892914369782
        ],
        "q_sigmas": [
            0.001,
            0.15156975211217652
        ],
        "q_weights": [
            0.24999999999999678,
            0.7500000000000033
        ],
        "u_means": [
            8.154555837011237,
            5.522864631764337
        ],
        "u_sigmas": [
            0.4686790544879721,
            0.001
        ],
        "u_weights": [
            0.7500000002278319,
            0.24999999977216802
        ],
        "dominant_q": 1,
        "dominant_u": 0
    }
}