{
    "ism_estimation": {
        "q_means": [
            0.05604600080185488,
            2.8451872694810256
        ],
        "q_sigmas": [
            0.06486264693547913,
            0.9150792247399511
        ],
        "q_weights": [
            0.3991275577090512,
            0.6008724422909488
        ],
        "u_means": [
            -0.8184876934910823,
            -4.056210060207446
        ],
        "u_sigmas": [
            0.8505485285198694,
            0.7631479480983068
        ],
        "u_weights": [
            0.6965408225414845,
            0.3034591774585156
        ],
        "dominant_q": 1,
        "dominant_u": 0
    }
}