{
    "ism_estimation": {
        "q_means": [
            0.25299468130721103,
            -0.2514736647321328
        ],
        "q_sigmas": [
            0.20020542734008212,
            0.031065577486090852
        ],
        "q_weights": [
            0.7582469959830579,
            0.24175300401694208
        ],
        "u_means": [
            0.006072609524107691,
            -0.8426960274011449
        ],
        "u_sigmas": [
            0.230806425969814,
            0.1896568831882213
        ],
        "u_weights": [
            0.3707720789792861,
            0.6292279210207139
        ],
        "dominant_q": 0,
        "dominant_u": 1
    }
}