{
    "ism_estimation": {
        "q_means": [
            0.05084065145651148,
            -0.13290391596031786
        ],
        "q_sigmas": [
            0.0599656477057649,
            0.0036218951051585095
        ],
        "q_weights": [
            0.7784723535812542,
            0.22152764641874578
        ],
        "u_means": [
            0.04552634449994741,
            0.30342741522735533
        ],
        "u_sigmas": [
            0.18443516696723258,
            0.10482235298071375
        ],
        "u_weights": [
            0.6220507226009009,
            0.3779492773990991
        ],
        "dominant_q": 0,
        "dominant_u": 0
    }
}