{
    "ism_estimation": {
        "q_means": [
            -2.128318731346735,
            -1.1203950381597678
        ],
        "q_sigmas": [
            0.5565639409432825,
            0.38497625267524943
        ],
        "q_weights": [
            0.4827178035461547,
            0.5172821964538453
        ],
        "u_means": [
            3.5508730425576602,
            3.9181377418546015
        ],
        "u_sigmas": [
            0.2759967255465608,
            0.6275240500090067
        ],
        "u_weights": [
            0.5530540787011669,
            0.4469459212988332
        ],
        "dominant_q": 1,
        "dominant_u": 0
    }
}